,pclass,survived,sex,age,sibsp,parch,ticket,fare,cabin,embarked,boat,home.dest
0,1,1,1,29.0,0,0,13,211.3375,50,3,18,207
1,1,1,0,0.9167,1,2,372,151.55,108,3,21,327
2,1,0,1,2.0,1,2,372,151.55,108,3,0,327
3,1,0,0,30.0,1,2,372,151.55,108,3,0,327
4,1,0,1,25.0,1,2,372,151.55,108,3,0,327
5,1,1,0,48.0,0,0,20,26.55,69,3,4,33
6,1,1,1,63.0,1,0,361,77.9583,97,3,17,229
7,1,0,0,39.0,0,0,894,0.0,179,3,0,68
8,1,1,1,53.0,2,0,395,51.4792,119,3,6,179
9,1,0,0,71.0,0,0,297,49.5042,0,1,0,251
10,1,0,0,47.0,1,0,366,227.525,95,1,0,33
11,1,1,1,18.0,1,0,366,227.525,95,1,5,33
12,1,1,1,24.0,0,0,18,69.3,47,1,8,318
13,1,1,1,26.0,0,0,847,78.85,0,3,19,0
14,1,1,0,80.0,0,0,389,30.0,49,3,12,204
15,1,0,0,0.0,0,0,109,25.925,0,3,0,33
16,1,0,0,24.0,0,1,551,247.5208,27,1,0,180
17,1,1,1,50.0,0,1,551,247.5208,27,1,19,180
18,1,1,1,32.0,0,0,910,76.2917,99,1,13,0
19,1,0,0,36.0,0,0,840,75.2417,85,1,25,302
20,1,1,0,37.0,1,1,364,52.5542,181,3,23,33
21,1,1,1,47.0,1,1,364,52.5542,181,3,23,33
22,1,1,0,26.0,0,0,124,30.0,38,1,23,33
23,1,1,1,42.0,0,0,366,227.525,0,1,5,0
24,1,1,1,29.0,0,0,580,221.7792,111,3,13,0
25,1,0,0,25.0,0,0,70,26.0,0,1,0,362
26,1,1,0,25.0,1,0,882,91.0792,106,1,15,100
27,1,1,1,19.0,1,0,882,91.0792,106,1,15,100
28,1,1,1,35.0,0,0,673,135.6333,133,3,13,0
29,1,1,0,28.0,0,0,527,26.55,115,3,6,170
30,1,0,0,45.0,0,0,692,35.5,184,3,0,289
31,1,1,0,40.0,0,0,659,31.0,88,1,15,340
32,1,1,1,30.0,0,0,808,164.8667,74,3,13,178
33,1,1,1,58.0,0,0,507,26.55,21,3,13,182
34,1,0,0,42.0,0,0,631,26.55,64,3,0,84
35,1,1,1,45.0,0,0,719,262.375,0,1,5,313
36,1,1,1,22.0,0,1,108,55.0,33,3,19,201
37,1,1,0,0.0,0,0,460,26.55,0,3,8,357
38,1,0,0,41.0,0,0,164,30.5,101,3,0,60
39,1,0,0,48.0,0,0,866,50.4958,172,1,0,295
40,1,0,0,0.0,0,0,784,39.6,0,1,0,303
41,1,1,1,44.0,0,0,655,27.7208,66,1,19,160
42,1,1,1,59.0,2,0,395,51.4792,119,3,6,234
43,1,1,1,60.0,0,0,910,76.2917,99,1,13,303
44,1,1,1,41.0,0,0,657,134.5,86,1,4,0
45,1,0,0,45.0,0,0,498,26.55,73,3,0,148
46,1,0,0,0.0,0,0,663,31.0,0,3,0,0
47,1,1,0,42.0,0,0,689,26.2875,61,3,23,33
48,1,1,1,53.0,0,0,913,27.4458,0,1,19,148
49,1,1,0,36.0,0,1,4,512.3292,160,1,4,354
50,1,1,1,58.0,0,1,4,512.3292,160,1,4,336
51,1,0,0,33.0,0,0,333,5.0,160,3,0,33
52,1,0,0,28.0,0,0,273,47.1,0,3,0,251
53,1,0,0,17.0,0,0,273,47.1,0,3,0,251
54,1,1,0,11.0,1,2,122,120.0,167,3,5,347
55,1,1,1,14.0,1,2,122,120.0,167,3,5,347
56,1,1,0,36.0,1,2,122,120.0,167,3,7,347
57,1,1,1,36.0,1,2,122,120.0,167,3,5,347
58,1,0,0,49.0,0,0,543,26.0,0,3,0,38
59,1,1,1,0.0,0,0,400,27.7208,0,1,23,33
60,1,0,0,36.0,1,0,847,78.85,46,3,0,14
61,1,1,1,76.0,1,0,847,78.85,46,3,19,14
62,1,0,0,46.0,1,0,263,61.175,37,3,0,258
63,1,1,1,47.0,1,0,263,61.175,37,3,5,258
64,1,1,0,27.0,1,0,696,53.1,183,3,23,241
65,1,1,1,33.0,1,0,696,53.1,183,3,23,241
66,1,1,1,36.0,0,0,719,262.375,147,1,5,0
67,1,1,1,30.0,0,0,24,86.5,15,3,13,51
68,1,1,0,45.0,0,0,359,29.7,104,1,15,318
69,1,1,1,0.0,0,1,108,55.0,33,3,19,201
70,1,0,0,0.0,0,0,406,0.0,0,3,0,297
71,1,0,0,27.0,1,0,131,136.7792,59,1,0,357
72,1,1,1,26.0,1,0,131,136.7792,59,1,5,357
73,1,1,1,22.0,0,0,372,151.55,0,3,21,0
74,1,0,0,0.0,0,0,59,52.0,124,3,0,7
75,1,0,0,47.0,0,0,187,25.5875,93,3,0,15
76,1,1,1,39.0,1,1,442,83.1583,166,1,2,22
77,1,0,0,37.0,1,1,442,83.1583,58,1,0,22
78,1,1,1,64.0,0,2,442,83.1583,78,1,2,22
79,1,1,1,55.0,2,0,312,25.7,119,3,18,33
80,1,0,0,0.0,0,0,774,26.55,0,3,0,183
81,1,0,0,70.0,1,1,128,71.0,25,3,0,35
82,1,1,1,36.0,0,2,128,71.0,25,3,15,35
83,1,1,1,64.0,1,1,165,26.55,28,3,15,35
84,1,0,0,39.0,1,0,725,71.2833,14,1,0,33
85,1,1,1,38.0,1,0,725,71.2833,14,1,5,33
86,1,1,0,51.0,0,0,453,26.55,75,3,14,139
87,1,1,0,27.0,0,0,854,30.5,0,3,4,303
88,1,1,1,33.0,0,0,372,151.55,0,3,13,0
89,1,0,0,31.0,1,0,112,52.0,92,3,0,180
90,1,1,1,27.0,1,2,112,52.0,92,3,4,180
91,1,1,0,31.0,1,0,701,57.0,121,3,4,27
92,1,1,1,17.0,1,0,701,57.0,121,3,4,27
93,1,1,0,53.0,1,1,528,81.8583,157,3,11,362
94,1,1,0,4.0,0,2,528,81.8583,157,3,23,362
95,1,1,1,54.0,1,1,528,81.8583,157,3,23,362
96,1,0,0,50.0,1,0,348,106.425,165,1,0,280
97,1,1,1,27.0,1,1,551,247.5208,27,1,19,180
98,1,1,1,48.0,1,0,348,106.425,165,1,18,280
99,1,1,1,48.0,1,0,573,39.6,155,1,20,150
100,1,1,0,49.0,1,0,865,56.9292,40,1,20,150
101,1,0,0,39.0,0,0,757,29.7,52,1,0,303
102,1,1,1,23.0,0,1,783,83.1583,116,1,15,248
103,1,1,1,38.0,0,0,366,227.525,18,1,5,33
104,1,1,1,54.0,1,0,236,78.2667,145,1,5,50
105,1,0,1,36.0,0,0,304,31.6792,148,1,0,33
106,1,0,0,0.0,0,0,580,221.7792,154,3,0,0
107,1,1,1,0.0,0,0,467,31.6833,0,3,15,33
108,1,1,1,0.0,0,0,35,110.8833,0,1,5,0
109,1,1,0,36.0,0,0,489,26.3875,6,3,23,116
110,1,0,0,30.0,0,0,823,27.75,168,1,0,33
111,1,1,1,24.0,3,2,644,263.0,113,3,17,308
112,1,1,1,28.0,3,2,644,263.0,113,3,17,308
113,1,1,1,23.0,3,2,644,263.0,113,3,17,308
114,1,0,0,19.0,3,2,644,263.0,113,3,0,308
115,1,0,0,64.0,1,4,644,263.0,113,3,0,308
116,1,1,1,60.0,1,4,644,263.0,113,3,17,308
117,1,1,1,30.0,0,0,865,56.9292,89,1,20,0
118,1,0,0,0.0,0,0,797,26.55,62,3,0,260
119,1,1,0,50.0,2,0,44,133.65,0,3,23,33
120,1,1,0,43.0,1,0,602,27.7208,96,1,23,33
121,1,1,1,0.0,1,0,44,133.65,0,3,23,33
122,1,1,1,22.0,0,2,104,49.5,22,1,23,250
123,1,1,0,60.0,1,1,495,79.2,53,1,23,250
124,1,1,1,48.0,1,1,495,79.2,53,1,23,250
125,1,0,0,0.0,0,0,662,0.0,42,3,0,0
126,1,0,0,37.0,1,0,684,53.1,100,3,0,206
127,1,1,1,35.0,1,0,684,53.1,100,3,6,206
128,1,0,0,47.0,0,0,873,38.5,158,3,0,321
129,1,1,1,35.0,0,0,600,211.5,1,1,5,0
130,1,1,1,22.0,0,1,522,59.4,0,1,15,33
131,1,1,1,45.0,0,1,522,59.4,0,1,15,33
132,1,0,0,24.0,0,0,778,79.2,71,1,0,0
133,1,1,0,49.0,1,0,517,89.1042,2,1,23,133
134,1,1,1,0.0,1,0,517,89.1042,2,1,23,133
135,1,0,0,71.0,0,0,49,34.6542,81,1,0,33
136,1,1,0,53.0,0,0,760,28.5,83,1,12,148
137,1,1,1,19.0,0,0,240,30.0,128,3,4,57
138,1,0,0,38.0,0,1,335,153.4625,135,3,0,308
139,1,1,1,58.0,0,1,335,153.4625,141,3,4,57
140,1,1,0,23.0,0,1,461,63.3583,10,1,15,33
141,1,1,1,45.0,0,1,461,63.3583,10,1,15,33
142,1,0,0,46.0,0,0,778,79.2,178,1,0,33
143,1,1,0,25.0,1,0,555,55.4417,60,1,23,116
144,1,1,1,25.0,1,0,555,55.4417,60,1,23,116
145,1,1,0,48.0,1,0,813,76.7292,41,1,4,33
146,1,1,1,49.0,1,0,813,76.7292,41,1,4,33
147,1,0,0,0.0,0,0,126,42.4,0,3,0,0
148,1,0,0,45.0,1,0,664,83.475,117,3,0,33
149,1,1,1,35.0,1,0,664,83.475,117,3,6,33
150,1,0,0,40.0,0,0,67,0.0,125,3,0,0
151,1,1,0,27.0,0,0,813,76.7292,56,1,4,0
152,1,1,0,0.0,0,0,397,30.0,105,3,4,25
153,1,1,1,24.0,0,0,783,83.1583,116,1,15,33
154,1,0,0,55.0,1,1,515,93.5,70,3,0,180
155,1,1,1,52.0,1,1,515,93.5,70,3,4,180
156,1,0,0,42.0,0,0,771,42.5,31,3,0,125
157,1,0,0,0.0,0,0,274,51.8625,51,3,0,76
158,1,0,0,55.0,0,0,811,50.0,127,3,0,43
159,1,1,1,16.0,0,1,254,57.9792,30,1,5,350
160,1,1,1,44.0,0,1,254,57.9792,30,1,5,350
161,1,1,1,51.0,1,0,361,77.9583,118,3,17,229
162,1,0,0,42.0,1,0,927,52.0,0,3,0,33
163,1,1,1,35.0,1,0,927,52.0,0,3,13,33
164,1,1,0,35.0,0,0,84,26.55,0,1,3,16
165,1,1,0,38.0,1,0,851,90.0,136,3,6,112
166,1,0,0,0.0,0,0,581,30.6958,0,1,2,33
167,1,1,1,35.0,1,0,851,90.0,136,3,6,112
168,1,1,1,38.0,0,0,880,80.0,122,0,19,0
169,1,0,1,50.0,0,0,648,28.7125,43,1,0,221
170,1,1,0,49.0,0,0,662,0.0,72,3,7,328
171,1,0,0,46.0,0,0,618,26.0,0,3,0,232
172,1,0,0,50.0,0,0,296,26.0,142,3,0,237
173,1,0,0,32.5,0,0,600,211.5,107,1,0,0
174,1,0,0,58.0,0,0,219,29.7,32,1,0,219
175,1,0,0,41.0,1,0,355,51.8625,159,3,0,88
176,1,1,1,0.0,1,0,355,51.8625,159,3,13,88
177,1,1,0,42.0,1,0,316,52.5542,164,3,23,194
178,1,1,1,45.0,1,0,316,52.5542,164,3,23,194
179,1,0,0,0.0,0,0,118,26.55,13,3,0,244
180,1,1,1,39.0,0,0,13,211.3375,0,3,18,0
181,1,1,1,49.0,0,0,794,25.9292,151,3,13,33
182,1,1,1,30.0,0,0,348,106.425,0,1,18,0
183,1,1,0,35.0,0,0,4,512.3292,110,1,4,0
184,1,0,0,0.0,0,0,374,27.7208,0,1,0,350
185,1,0,0,42.0,0,0,454,26.55,0,3,0,46
186,1,1,1,55.0,0,0,360,27.7208,0,1,19,46
187,1,1,1,16.0,0,1,582,39.4,9,3,8,318
188,1,1,1,51.0,0,1,582,39.4,9,3,8,318
189,1,0,0,29.0,0,0,768,30.0,173,3,0,44
190,1,1,1,21.0,0,0,361,77.9583,109,3,17,229
191,1,0,0,30.0,0,0,541,45.5,0,3,0,18
192,1,1,1,58.0,0,0,589,146.5208,144,1,0,0
193,1,1,1,15.0,0,1,13,211.3375,50,3,18,207
194,1,0,0,30.0,0,0,410,26.0,54,3,0,106
195,1,1,1,16.0,0,0,24,86.5,146,3,13,0
196,1,1,0,0.0,0,0,753,29.7,143,1,15,318
197,1,0,0,19.0,1,0,185,53.1,156,3,0,33
198,1,1,1,18.0,1,0,185,53.1,156,3,17,33
199,1,1,1,24.0,0,0,893,49.5042,134,1,19,225
200,1,0,0,46.0,0,0,840,75.2417,85,1,0,329
201,1,0,0,54.0,0,0,274,51.8625,51,3,0,54
202,1,1,0,36.0,0,0,734,26.2875,6,3,15,303
203,1,0,0,28.0,1,0,516,82.1708,0,1,0,33
204,1,1,1,0.0,1,0,516,82.1708,0,1,19,33
205,1,0,0,65.0,0,0,552,26.55,76,3,0,197
206,1,0,0,44.0,2,0,420,90.0,114,2,0,132
207,1,1,1,33.0,1,0,420,90.0,114,2,2,165
208,1,1,1,37.0,1,0,420,90.0,114,2,2,132
209,1,1,0,30.0,1,0,769,57.75,114,1,21,33
210,1,0,0,55.0,0,0,434,30.5,79,3,0,180
211,1,0,0,47.0,0,0,126,42.4,0,3,0,148
212,1,0,0,37.0,0,1,533,29.7,4,1,0,116
213,1,1,1,31.0,1,0,226,113.275,120,1,19,246
214,1,1,1,23.0,1,0,226,113.275,120,1,19,246
215,1,0,0,58.0,0,2,226,113.275,170,1,0,246
216,1,1,1,19.0,0,2,146,26.2833,23,3,23,33
217,1,0,0,64.0,0,0,775,26.0,0,3,0,131
218,1,1,1,39.0,0,0,575,108.9,94,1,13,0
219,1,1,0,0.0,0,0,385,25.7417,0,1,15,318
220,1,1,1,22.0,0,1,788,61.9792,177,1,23,367
221,1,0,0,65.0,0,1,788,61.9792,126,1,0,367
222,1,0,0,28.5,0,0,831,27.7208,140,1,0,202
223,1,0,0,0.0,0,0,243,0.0,0,3,0,299
224,1,0,0,45.5,0,0,472,28.5,13,3,0,339
225,1,0,0,23.0,0,0,515,93.5,90,3,0,180
226,1,0,0,29.0,1,0,475,66.6,103,3,0,107
227,1,1,1,22.0,1,0,475,66.6,103,3,13,107
228,1,0,0,18.0,1,0,575,108.9,169,1,0,151
229,1,1,1,17.0,1,0,575,108.9,169,1,13,151
230,1,1,1,30.0,0,0,515,93.5,102,3,4,0
231,1,1,0,52.0,0,0,567,30.5,130,3,19,189
232,1,0,0,47.0,0,0,59,52.0,8,3,0,293
233,1,1,1,56.0,0,1,783,83.1583,161,1,15,248
234,1,0,0,38.0,0,0,220,0.0,0,3,0,124
235,1,1,0,0.0,0,0,874,39.6,0,3,25,94
236,1,0,0,22.0,0,0,673,135.6333,0,1,0,0
237,1,0,0,0.0,0,0,366,227.525,0,1,0,0
238,1,1,1,43.0,0,1,13,211.3375,26,3,18,207
239,1,0,0,31.0,0,0,837,50.4958,39,3,0,289
240,1,1,0,45.0,0,0,597,26.55,0,3,8,33
241,1,0,0,0.0,0,0,603,50.0,29,3,0,301
242,1,1,1,33.0,0,0,625,27.7208,3,1,21,318
243,1,0,0,46.0,0,0,137,79.2,0,1,0,33
244,1,0,0,36.0,0,0,832,40.125,163,1,0,308
245,1,1,1,33.0,0,0,24,86.5,15,3,13,69
246,1,0,0,55.0,1,0,744,59.4,0,1,0,33
247,1,1,1,54.0,1,0,744,59.4,0,1,19,33
248,1,0,0,33.0,0,0,56,26.55,0,3,0,237
249,1,1,0,13.0,2,2,719,262.375,19,1,5,319
250,1,1,1,18.0,2,2,719,262.375,19,1,5,319
251,1,1,1,21.0,2,2,719,262.375,19,1,5,319
252,1,0,0,61.0,1,3,719,262.375,19,1,0,319
253,1,1,1,48.0,1,3,719,262.375,19,1,5,319
254,1,1,0,0.0,0,0,210,30.5,54,3,4,364
255,1,1,1,24.0,0,0,18,69.3,47,1,8,0
256,1,1,0,0.0,0,0,269,26.0,0,3,20,33
257,1,1,1,35.0,1,0,769,57.75,149,1,21,33
258,1,1,1,30.0,0,0,663,31.0,0,1,5,0
259,1,1,0,34.0,0,0,490,26.55,0,3,15,33
260,1,1,1,40.0,0,0,335,153.4625,141,3,4,351
261,1,1,0,35.0,0,0,558,26.2875,61,3,23,207
262,1,0,0,50.0,1,0,27,55.9,150,3,0,282
263,1,1,1,39.0,1,0,27,55.9,150,3,21,282
264,1,1,0,56.0,0,0,443,35.5,123,1,4,253
265,1,1,0,28.0,0,0,336,35.5,132,3,15,187
266,1,0,0,56.0,0,0,754,26.55,0,3,0,33
267,1,0,0,56.0,0,0,405,30.6958,45,1,0,311
268,1,0,0,24.0,1,0,463,60.0,176,3,0,306
269,1,0,0,0.0,0,0,90,26.0,162,3,0,205
270,1,1,1,18.0,1,0,463,60.0,176,3,19,306
271,1,1,0,24.0,1,0,415,82.2667,7,3,15,62
272,1,1,1,23.0,1,0,415,82.2667,7,3,15,62
273,1,1,0,6.0,0,2,657,134.5,139,1,4,34
274,1,1,0,45.0,1,1,657,134.5,139,1,4,34
275,1,1,1,40.0,1,1,657,134.5,139,1,4,34
276,1,0,0,57.0,1,0,589,146.5208,11,1,0,318
277,1,1,1,0.0,1,0,589,146.5208,11,1,19,318
278,1,1,0,32.0,0,0,3,30.5,80,1,4,253
279,1,0,0,62.0,0,0,279,26.55,5,3,0,104
280,1,1,0,54.0,1,0,278,55.4417,171,1,20,9
281,1,1,1,43.0,1,0,278,55.4417,171,1,23,9
282,1,1,1,52.0,1,0,236,78.2667,145,1,5,200
283,1,0,0,0.0,0,0,448,27.7208,0,1,0,317
284,1,1,1,62.0,0,0,880,80.0,122,0,19,95
285,1,0,0,67.0,1,0,580,221.7792,180,3,0,33
286,1,0,1,63.0,1,0,580,221.7792,180,3,0,33
287,1,0,0,61.0,0,0,375,32.3208,16,3,0,67
288,1,1,1,48.0,0,0,191,25.9292,151,3,13,116
289,1,1,1,18.0,0,2,855,79.65,98,3,13,33
290,1,0,0,52.0,1,1,855,79.65,34,3,0,33
291,1,1,1,39.0,1,1,855,79.65,34,3,13,33
292,1,1,0,48.0,1,0,386,52.0,67,3,16,129
293,1,1,1,0.0,1,0,386,52.0,67,3,16,129
294,1,0,0,49.0,1,1,35,110.8833,112,1,0,200
295,1,1,0,17.0,0,2,35,110.8833,24,1,12,200
296,1,1,1,39.0,1,1,35,110.8833,112,1,5,200
297,1,1,1,0.0,0,0,137,79.2,0,1,6,33
298,1,1,0,31.0,0,0,85,28.5375,55,1,15,77
299,1,0,0,40.0,0,0,770,27.7208,0,1,0,32
300,1,0,0,61.0,0,0,266,33.5,174,3,0,116
301,1,0,0,47.0,0,0,51,34.0208,57,3,0,127
302,1,1,1,35.0,0,0,4,512.3292,0,1,4,0
303,1,0,0,64.0,1,0,501,75.25,175,1,0,244
304,1,1,1,60.0,1,0,501,75.25,175,1,23,244
305,1,0,0,60.0,0,0,544,26.55,0,3,0,324
306,1,0,0,54.0,0,1,895,77.2875,91,3,0,173
307,1,0,0,21.0,0,1,895,77.2875,91,3,0,173
308,1,1,1,55.0,0,0,673,135.6333,84,1,13,296
309,1,1,1,31.0,0,2,808,164.8667,74,3,13,178
310,1,0,0,57.0,1,1,808,164.8667,0,3,0,178
311,1,1,1,45.0,1,1,808,164.8667,0,3,13,178
312,1,0,0,50.0,1,1,600,211.5,137,1,0,294
313,1,0,0,27.0,0,2,600,211.5,63,1,0,294
314,1,1,1,50.0,1,1,600,211.5,137,1,5,294
315,1,1,1,21.0,0,0,105,26.55,0,3,27,282
316,1,0,0,51.0,0,1,154,61.3792,0,1,0,5
317,1,1,0,21.0,0,1,154,61.3792,0,1,25,5
318,1,0,0,0.0,0,0,125,35.0,82,3,0,51
319,1,1,1,31.0,0,0,657,134.5,131,1,4,0
320,1,1,0,0.0,0,0,919,35.5,115,3,6,51
321,1,0,0,62.0,0,0,803,26.55,0,3,0,338
322,1,1,1,36.0,0,0,673,135.6333,84,1,13,23
323,2,0,0,30.0,1,0,588,24.0,0,1,0,346
324,2,1,1,28.0,1,0,588,24.0,0,1,17,346
325,2,0,0,30.0,0,0,32,13.0,0,3,0,262
326,2,0,0,18.0,0,0,114,11.5,0,3,0,134
327,2,0,0,25.0,0,0,435,10.5,0,3,0,90
328,2,0,0,34.0,1,0,192,26.0,0,3,0,75
329,2,1,1,36.0,1,0,192,26.0,0,3,21,75
330,2,0,0,57.0,0,0,473,13.0,0,3,0,361
331,2,0,0,18.0,0,0,759,11.5,0,3,0,348
332,2,0,0,23.0,0,0,328,10.5,0,3,0,109
333,2,1,1,36.0,0,0,686,13.0,65,3,17,80
334,2,0,0,28.0,0,0,392,10.5,0,3,0,70
335,2,0,0,51.0,0,0,65,12.525,0,3,0,215
336,2,1,0,32.0,1,0,250,26.0,0,3,11,3
337,2,1,1,19.0,1,0,250,26.0,0,3,11,3
338,2,0,0,28.0,0,0,194,26.0,0,3,0,369
339,2,1,0,1.0,2,1,758,39.0,182,3,21,17
340,2,1,1,4.0,2,1,758,39.0,182,3,21,17
341,2,1,1,12.0,2,1,758,39.0,182,3,11,17
342,2,1,1,36.0,0,3,758,39.0,182,3,21,17
343,2,1,0,34.0,0,0,898,13.0,129,3,11,237
344,2,1,1,19.0,0,0,449,13.0,0,3,24,162
345,2,0,0,23.0,0,0,724,13.0,0,3,0,186
346,2,0,0,26.0,0,0,186,13.0,0,3,0,137
347,2,0,0,42.0,0,0,376,13.0,0,3,0,237
348,2,0,0,27.0,0,0,183,13.0,0,3,0,263
349,2,1,1,24.0,0,0,45,13.0,17,3,21,343
350,2,1,1,15.0,0,2,299,39.0,0,3,2,13
351,2,0,0,60.0,1,1,299,39.0,0,3,0,13
352,2,1,1,40.0,1,1,299,39.0,0,3,2,13
353,2,1,1,20.0,1,0,29,26.0,0,3,24,145
354,2,0,0,25.0,1,0,29,26.0,0,3,0,145
355,2,1,1,36.0,0,0,508,13.0,0,3,8,239
356,2,0,0,25.0,0,0,627,13.0,0,3,0,83
357,2,0,0,42.0,0,0,197,13.0,0,3,0,237
358,2,1,1,42.0,0,0,903,13.0,0,3,0,33
359,2,1,0,0.8333,0,2,877,29.0,0,3,11,123
360,2,1,0,26.0,1,1,877,29.0,0,3,11,123
361,2,1,1,22.0,1,1,877,29.0,0,3,11,123
362,2,1,1,35.0,0,0,179,21.0,0,3,2,273
363,2,0,0,0.0,0,0,87,0.0,0,3,0,299
364,2,0,0,19.0,0,0,301,13.0,0,3,0,186
365,2,0,1,44.0,1,0,86,26.0,0,3,0,237
366,2,0,0,54.0,1,0,86,26.0,0,3,0,237
367,2,0,0,52.0,0,0,922,13.5,0,3,0,86
368,2,0,0,37.0,1,0,69,26.0,0,3,0,26
369,2,0,1,29.0,1,0,69,26.0,0,3,0,26
370,2,1,1,25.0,1,1,678,30.0,0,3,24,237
371,2,1,1,45.0,0,2,678,30.0,0,3,24,237
372,2,0,0,29.0,1,0,102,26.0,0,3,0,366
373,2,1,1,28.0,1,0,102,26.0,0,3,2,366
374,2,0,0,29.0,0,0,1,10.5,0,3,0,101
375,2,0,0,28.0,0,0,824,13.0,0,3,0,111
376,2,1,0,24.0,0,0,616,10.5,0,3,8,363
377,2,1,1,8.0,0,2,565,26.25,0,3,2,320
378,2,0,0,31.0,1,1,565,26.25,0,3,0,320
379,2,1,1,31.0,1,1,565,26.25,0,3,2,320
380,2,1,1,22.0,0,0,139,10.5,17,3,2,214
381,2,0,1,30.0,0,0,907,13.0,0,3,0,31
382,2,0,1,0.0,0,0,546,21.0,0,3,0,42
383,2,0,0,21.0,0,0,804,11.5,0,3,0,348
384,2,0,0,0.0,0,0,87,0.0,0,3,0,299
385,2,1,0,8.0,1,1,211,36.75,0,3,2,122
386,2,0,0,18.0,0,0,153,73.5,0,3,0,330
387,2,1,1,48.0,0,2,211,36.75,0,3,2,122
388,2,1,1,28.0,0,0,300,13.0,0,3,11,209
389,2,0,0,32.0,0,0,542,13.0,0,3,0,119
390,2,0,0,17.0,0,0,153,73.5,0,3,0,0
391,2,0,0,29.0,1,0,264,27.7208,0,1,0,341
392,2,1,1,24.0,1,0,264,27.7208,0,1,24,341
393,2,0,0,25.0,0,0,439,31.5,0,3,0,30
394,2,0,0,18.0,0,0,153,73.5,0,3,0,155
395,2,1,1,18.0,0,1,365,23.0,0,3,0,78
396,2,1,1,34.0,0,1,365,23.0,0,3,0,78
397,2,0,0,54.0,0,0,513,26.0,0,3,0,114
398,2,1,0,8.0,0,2,911,32.5,0,3,17,65
399,2,0,0,42.0,1,1,911,32.5,0,3,0,65
400,2,1,1,34.0,1,1,911,32.5,0,3,17,65
401,2,1,1,27.0,1,0,864,13.8583,0,1,24,63
402,2,1,1,30.0,1,0,529,13.8583,0,1,24,63
403,2,0,0,23.0,0,0,818,13.0,0,3,0,312
404,2,0,0,21.0,0,0,912,13.0,0,3,0,220
405,2,0,0,18.0,0,0,827,13.0,0,3,0,19
406,2,0,0,40.0,1,0,483,26.0,0,3,0,64
407,2,1,1,29.0,1,0,483,26.0,0,3,1,0
408,2,0,0,18.0,0,0,669,10.5,0,3,0,277
409,2,0,0,36.0,0,0,928,13.0,0,3,0,162
410,2,0,0,0.0,0,0,349,0.0,0,3,0,299
411,2,0,1,38.0,0,0,762,13.0,0,3,0,113
412,2,0,0,35.0,0,0,738,26.0,0,3,0,4
413,2,0,0,38.0,1,0,465,21.0,0,3,0,158
414,2,0,0,34.0,1,0,465,21.0,0,3,0,158
415,2,1,1,34.0,0,0,480,13.0,0,3,24,116
416,2,0,0,16.0,0,0,738,26.0,0,3,0,4
417,2,0,0,26.0,0,0,168,10.5,0,3,0,30
418,2,0,0,47.0,0,0,712,10.5,0,3,0,40
419,2,0,0,21.0,1,0,749,11.5,0,3,0,300
420,2,0,0,21.0,1,0,750,11.5,0,3,0,300
421,2,0,0,24.0,0,0,639,13.5,0,3,0,166
422,2,0,0,24.0,0,0,570,13.0,0,3,0,126
423,2,0,0,34.0,0,0,284,13.0,0,3,0,329
424,2,0,0,30.0,0,0,457,13.0,0,3,0,0
425,2,0,0,52.0,0,0,481,13.0,0,3,0,86
426,2,0,0,30.0,0,0,535,13.0,0,3,0,181
427,2,1,0,0.6667,1,1,21,14.5,0,3,5,223
428,2,1,1,24.0,0,2,21,14.5,0,3,5,223
429,2,0,0,44.0,0,0,92,13.0,0,3,0,59
430,2,1,1,6.0,0,1,295,33.0,0,3,21,323
431,2,0,0,28.0,0,1,295,33.0,0,3,0,323
432,2,1,0,62.0,0,0,89,10.5,0,3,3,237
433,2,0,0,30.0,0,0,583,10.5,0,3,0,73
434,2,1,1,7.0,0,2,214,26.25,0,3,2,142
435,2,0,0,43.0,1,1,214,26.25,0,3,0,142
436,2,1,1,45.0,1,1,214,26.25,0,3,2,142
437,2,1,1,24.0,1,2,193,65.0,0,3,8,254
438,2,1,1,24.0,1,2,193,65.0,0,3,8,254
439,2,0,0,49.0,1,2,193,65.0,0,3,0,254
440,2,1,1,48.0,1,2,193,65.0,0,3,8,254
441,2,1,1,55.0,0,0,887,16.0,0,3,11,216
442,2,0,0,24.0,2,0,153,73.5,0,3,0,135
443,2,0,0,32.0,2,0,153,73.5,0,3,0,135
444,2,0,0,21.0,2,0,153,73.5,0,3,0,135
445,2,0,1,18.0,1,1,57,13.0,0,3,0,240
446,2,1,1,20.0,2,1,534,23.0,0,3,5,236
447,2,0,0,23.0,2,1,238,11.5,0,3,0,236
448,2,0,0,36.0,0,0,161,13.0,0,3,0,261
449,2,1,1,54.0,1,3,534,23.0,0,3,5,236
450,2,0,0,50.0,0,0,387,13.0,0,3,0,78
451,2,0,0,44.0,1,0,169,26.0,0,3,0,334
452,2,1,1,29.0,1,0,169,26.0,0,3,17,334
453,2,0,0,21.0,0,0,153,73.5,0,3,0,155
454,2,1,0,42.0,0,0,246,13.0,0,3,17,102
455,2,0,0,63.0,1,0,660,26.0,0,3,0,267
456,2,0,1,60.0,1,0,660,26.0,0,3,0,267
457,2,0,0,33.0,0,0,445,12.275,0,3,0,303
458,2,1,1,17.0,0,0,419,10.5,0,3,0,109
459,2,0,0,42.0,1,0,633,27.0,0,3,0,237
460,2,1,1,24.0,2,1,633,27.0,0,3,24,237
461,2,0,0,47.0,0,0,916,15.0,0,3,0,226
462,2,0,0,24.0,2,0,439,31.5,0,3,0,30
463,2,0,0,22.0,2,0,439,31.5,0,3,0,30
464,2,0,0,32.0,0,0,347,10.5,0,3,0,108
465,2,1,1,23.0,0,0,129,13.7917,65,1,21,33
466,2,0,0,34.0,1,0,28,26.0,0,3,0,87
467,2,1,1,24.0,1,0,28,26.0,0,3,24,87
468,2,0,1,22.0,0,0,546,21.0,0,3,0,85
469,2,1,1,0.0,0,0,394,12.35,44,2,17,79
470,2,0,0,35.0,0,0,561,12.35,0,2,0,0
471,2,1,1,45.0,0,0,356,13.5,0,3,8,18
472,2,0,0,57.0,0,0,888,12.35,0,2,0,147
473,2,0,0,0.0,0,0,140,0.0,0,3,0,299
474,2,0,0,31.0,0,0,695,10.5,0,3,0,284
475,2,0,1,26.0,1,1,484,26.0,0,3,0,62
476,2,0,0,30.0,1,1,484,26.0,0,3,0,62
477,2,0,0,0.0,0,0,549,10.7083,0,2,0,0
478,2,1,1,1.0,1,2,512,41.5792,0,1,2,292
479,2,1,1,3.0,1,2,512,41.5792,0,1,2,292
480,2,0,0,25.0,1,2,512,41.5792,0,1,0,292
481,2,1,1,22.0,1,2,512,41.5792,0,1,2,292
482,2,1,1,17.0,0,0,792,12.0,0,1,24,208
483,2,1,1,0.0,0,0,295,33.0,0,3,21,222
484,2,1,1,34.0,0,0,647,10.5,17,3,2,350
485,2,0,0,36.0,0,0,626,12.875,65,1,0,180
486,2,0,0,24.0,0,0,860,10.5,0,3,0,0
487,2,0,0,61.0,0,0,468,12.35,0,2,0,0
488,2,0,0,50.0,1,0,258,26.0,0,3,0,245
489,2,1,1,42.0,1,0,258,26.0,0,3,0,245
490,2,0,1,57.0,0,0,411,10.5,138,3,0,176
491,2,0,0,0.0,0,0,107,15.0458,65,1,0,55
492,2,1,0,1.0,0,2,11,37.0042,0,1,17,120
493,2,0,0,31.0,1,1,11,37.0042,0,1,0,120
494,2,1,1,24.0,1,1,11,37.0042,0,1,17,120
495,2,0,0,0.0,0,0,713,15.5792,0,1,0,33
496,2,0,0,30.0,0,0,260,13.0,0,3,0,288
497,2,0,0,40.0,0,0,338,16.0,0,3,0,103
498,2,0,0,32.0,0,0,739,13.5,0,3,0,333
499,2,0,0,30.0,0,0,320,13.0,0,3,0,285
500,2,0,0,46.0,0,0,513,26.0,0,3,0,162
501,2,1,1,13.0,0,1,693,19.5,0,3,2,192
502,2,1,1,41.0,0,1,693,19.5,0,3,2,192
503,2,1,0,19.0,0,0,106,10.5,0,3,12,283
504,2,0,0,39.0,0,0,857,13.0,0,3,0,332
505,2,0,0,48.0,0,0,8,13.0,0,3,0,152
506,2,0,0,70.0,0,0,883,10.5,0,3,0,161
507,2,0,0,27.0,0,0,705,13.0,0,3,0,293
508,2,0,0,54.0,0,0,867,14.0,0,3,0,252
509,2,0,0,39.0,0,0,566,26.0,0,3,0,0
510,2,0,0,16.0,0,0,411,10.5,0,3,0,266
511,2,0,0,62.0,0,0,247,9.6875,0,2,0,281
512,2,0,0,32.5,1,0,95,30.0708,0,1,0,33
513,2,1,1,14.0,1,0,95,30.0708,0,1,0,33
514,2,1,0,2.0,1,1,451,26.0,87,3,6,247
515,2,1,0,3.0,1,1,451,26.0,87,3,6,247
516,2,0,0,36.5,0,2,451,26.0,87,3,0,247
517,2,0,0,26.0,0,0,620,13.0,87,3,0,194
518,2,0,0,19.0,1,1,211,36.75,0,3,0,264
519,2,0,0,28.0,0,0,198,13.5,0,3,0,157
520,2,1,0,20.0,0,0,846,13.8625,35,1,15,265
521,2,1,1,29.0,0,0,303,10.5,17,3,21,167
522,2,0,0,39.0,0,0,747,13.0,0,3,0,286
523,2,1,0,22.0,0,0,381,10.5,0,3,11,199
524,2,1,0,0.0,0,0,9,13.8625,0,1,8,235
525,2,0,0,23.0,0,0,242,10.5,0,3,0,12
526,2,1,0,29.0,0,0,721,13.8583,0,1,8,235
527,2,0,0,28.0,0,0,96,10.5,0,3,0,21
528,2,0,0,0.0,0,0,87,0.0,0,3,0,299
529,2,1,1,50.0,0,1,781,26.0,0,3,24,71
530,2,0,0,19.0,0,0,830,10.5,0,3,0,249
531,2,0,0,0.0,0,0,40,15.05,0,1,0,0
532,2,0,0,41.0,0,0,217,13.0,0,3,0,0
533,2,1,1,21.0,0,1,884,21.0,0,3,24,309
534,2,1,1,19.0,0,0,566,26.0,0,3,21,337
535,2,0,0,43.0,0,1,884,21.0,0,3,0,309
536,2,1,1,32.0,0,0,232,13.0,0,3,8,342
537,2,0,0,34.0,0,0,481,13.0,0,3,0,360
538,2,1,0,30.0,0,0,802,12.7375,0,1,2,274
539,2,0,0,27.0,0,0,307,15.0333,0,1,0,55
540,2,1,1,2.0,1,1,459,26.0,0,3,21,20
541,2,1,1,8.0,1,1,459,26.0,0,3,21,20
542,2,1,1,33.0,0,2,459,26.0,0,3,21,20
543,2,0,0,36.0,0,0,509,10.5,0,3,0,72
544,2,0,0,34.0,1,0,22,21.0,0,3,24,355
545,2,1,1,30.0,3,0,22,21.0,0,3,0,355
546,2,1,1,28.0,0,0,291,13.0,0,3,8,115
547,2,0,0,23.0,0,0,601,15.0458,0,1,0,120
548,2,1,0,0.8333,1,1,132,18.75,0,3,5,236
549,2,1,0,3.0,1,1,132,18.75,0,3,5,236
550,2,1,1,24.0,2,3,132,18.75,0,3,5,236
551,2,1,1,50.0,0,0,732,10.5,0,3,11,164
552,2,0,0,19.0,0,0,323,10.5,0,3,0,0
553,2,1,1,21.0,0,0,94,10.5,0,3,24,128
554,2,0,0,26.0,0,0,611,13.0,0,3,0,9
555,2,0,0,25.0,0,0,14,13.0,0,3,0,328
556,2,0,0,27.0,0,0,194,26.0,0,3,0,82
557,2,1,1,25.0,0,1,781,26.0,0,3,24,39
558,2,1,1,18.0,0,2,72,13.0,0,3,1,335
559,2,1,1,20.0,0,0,211,36.75,0,3,21,264
560,2,1,1,30.0,0,0,634,13.0,0,3,17,185
561,2,0,0,59.0,0,0,902,13.5,0,3,0,256
562,2,1,1,30.0,0,0,43,12.35,0,2,11,338
563,2,0,0,35.0,0,0,862,10.5,0,3,0,40
564,2,1,1,40.0,0,0,504,13.0,0,3,8,0
565,2,0,0,25.0,0,0,46,13.0,0,3,0,277
566,2,0,0,41.0,0,0,806,15.0458,0,1,0,33
567,2,0,0,25.0,0,0,670,10.5,0,3,0,11
568,2,0,0,18.5,0,0,313,13.0,12,3,0,0
569,2,0,0,14.0,0,0,193,65.0,0,3,0,254
570,2,1,1,50.0,0,0,556,10.5,0,3,8,16
571,2,0,0,23.0,0,0,487,13.0,0,3,0,0
572,2,1,1,28.0,0,0,604,12.65,0,3,0,58
573,2,1,1,27.0,0,0,833,10.5,44,3,1,53
574,2,0,0,29.0,1,0,668,21.0,0,3,0,36
575,2,0,1,27.0,1,0,668,21.0,0,3,0,36
576,2,0,0,40.0,0,0,162,13.0,0,3,0,56
577,2,1,1,31.0,0,0,179,21.0,0,3,2,273
578,2,0,0,30.0,1,0,175,21.0,0,3,0,184
579,2,0,0,23.0,1,0,576,10.5,0,3,0,0
580,2,1,1,31.0,0,0,175,21.0,0,3,17,184
581,2,0,0,0.0,0,0,540,0.0,0,3,0,299
582,2,1,1,12.0,0,0,819,15.75,0,3,8,168
583,2,1,1,40.0,0,0,819,15.75,0,3,8,168
584,2,1,1,32.5,0,0,545,13.0,44,3,24,174
585,2,0,0,27.0,1,0,594,26.0,0,3,0,47
586,2,1,1,29.0,1,0,594,26.0,0,3,17,47
587,2,1,0,2.0,1,1,767,23.0,0,3,2,236
588,2,1,1,4.0,1,1,767,23.0,0,3,2,236
589,2,1,1,29.0,0,2,767,23.0,0,3,2,236
590,2,1,1,0.9167,1,2,656,27.75,0,3,17,140
591,2,1,1,5.0,1,2,656,27.75,0,3,17,140
592,2,0,0,36.0,1,2,656,27.75,0,3,0,140
593,2,1,1,33.0,1,2,656,27.75,0,3,17,140
594,2,0,0,66.0,0,0,298,10.5,0,3,0,190
595,2,0,0,0.0,0,0,113,12.875,0,3,0,0
596,2,1,0,31.0,0,0,675,13.0,0,3,8,51
597,2,1,0,0.0,0,0,314,13.0,0,3,2,259
598,2,1,1,26.0,0,0,99,13.5,0,3,8,154
599,2,0,1,24.0,0,0,826,13.0,0,3,0,55
600,3,0,0,42.0,0,0,809,7.55,0,3,0,0
601,3,0,0,13.0,0,2,773,20.25,0,3,0,279
602,3,0,0,16.0,1,1,773,20.25,0,3,0,279
603,3,1,1,35.0,1,1,773,20.25,0,3,25,279
604,3,1,1,16.0,0,0,412,7.65,0,3,1,92
605,3,1,0,25.0,0,0,635,7.65,20,3,25,211
606,3,1,0,20.0,0,0,790,7.925,0,3,3,172
607,3,1,1,18.0,0,0,423,7.2292,0,1,7,203
608,3,0,0,30.0,0,0,157,7.25,0,3,0,349
609,3,0,0,26.0,0,0,379,8.05,0,3,0,24
610,3,0,1,40.0,1,0,251,9.475,0,3,0,278
611,3,1,0,0.8333,0,1,447,9.35,0,3,21,368
612,3,1,1,18.0,0,1,447,9.35,0,3,11,368
613,3,1,0,26.0,0,0,825,18.7875,0,1,3,91
614,3,0,0,26.0,0,0,844,7.8875,0,3,0,177
615,3,0,0,20.0,0,0,717,7.925,0,3,0,344
616,3,0,0,24.0,0,0,367,7.05,0,3,0,0
617,3,0,0,25.0,0,0,478,7.05,0,3,0,238
618,3,0,0,35.0,0,0,605,8.05,0,3,0,149
619,3,0,0,18.0,0,0,283,8.3,0,3,0,304
620,3,0,0,32.0,0,0,433,22.525,0,3,0,217
621,3,1,1,19.0,1,0,861,7.8542,0,3,1,0
622,3,0,0,4.0,4,2,511,31.275,0,3,0,243
623,3,0,1,6.0,4,2,511,31.275,0,3,0,243
624,3,0,1,2.0,4,2,511,31.275,0,3,0,243
625,3,1,1,17.0,4,2,615,7.925,0,3,6,81
626,3,0,1,38.0,4,2,628,7.775,0,3,0,49
627,3,0,1,9.0,4,2,511,31.275,0,3,0,243
628,3,0,1,11.0,4,2,511,31.275,0,3,0,243
629,3,0,0,39.0,1,5,511,31.275,0,3,0,243
630,3,1,0,27.0,0,0,623,7.7958,0,3,25,0
631,3,0,0,26.0,0,0,25,7.775,0,3,0,156
632,3,0,1,39.0,1,5,511,31.275,0,3,0,243
633,3,0,0,20.0,0,0,606,7.8542,0,3,0,242
634,3,0,0,26.0,0,0,850,7.8958,0,3,0,1
635,3,0,0,25.0,1,0,280,17.8,0,3,0,322
636,3,0,1,18.0,1,0,280,17.8,0,3,0,322
637,3,0,0,24.0,0,0,421,7.775,0,3,0,28
638,3,0,0,35.0,0,0,76,7.05,0,3,0,0
639,3,0,0,5.0,4,2,645,31.3875,0,3,0,257
640,3,0,0,9.0,4,2,645,31.3875,0,3,0,163
641,3,1,0,3.0,4,2,645,31.3875,0,3,3,163
642,3,0,0,13.0,4,2,645,31.3875,0,3,0,163
643,3,1,1,5.0,4,2,645,31.3875,0,3,3,163
644,3,0,0,40.0,1,5,645,31.3875,0,3,0,257
645,3,1,0,23.0,0,0,914,7.7958,0,3,11,193
646,3,1,1,38.0,1,5,645,31.3875,0,3,3,257
647,3,1,1,45.0,0,0,676,7.225,0,1,7,356
648,3,0,0,21.0,0,0,31,7.225,0,1,0,356
649,3,0,0,23.0,0,0,249,7.05,0,3,0,0
650,3,0,1,17.0,0,0,432,14.4583,0,1,0,0
651,3,0,0,30.0,0,0,144,7.225,0,1,0,356
652,3,0,0,23.0,0,0,889,7.8542,0,3,0,130
653,3,1,1,13.0,0,0,506,7.2292,0,1,7,48
654,3,0,0,20.0,0,0,868,7.225,0,1,0,0
655,3,0,0,32.0,1,0,199,15.85,0,3,6,159
656,3,1,1,33.0,3,0,199,15.85,0,3,0,159
657,3,1,1,0.75,2,1,100,19.2583,0,1,7,191
658,3,1,1,0.75,2,1,100,19.2583,0,1,7,191
659,3,1,1,5.0,2,1,100,19.2583,0,1,7,191
660,3,1,1,24.0,0,3,100,19.2583,0,1,7,191
661,3,1,1,18.0,0,0,218,8.05,0,3,7,146
662,3,0,0,40.0,0,0,560,7.225,0,1,0,0
663,3,0,0,26.0,0,0,61,7.8958,0,3,0,0
664,3,1,0,20.0,0,0,26,7.2292,0,1,3,0
665,3,0,1,18.0,0,1,471,14.4542,0,1,0,316
666,3,0,1,45.0,0,1,471,14.4542,0,1,0,316
667,3,0,1,27.0,0,0,641,7.8792,0,2,0,33
668,3,0,0,22.0,0,0,925,8.05,0,3,0,74
669,3,0,0,19.0,0,0,730,8.05,0,3,0,369
670,3,0,0,26.0,0,0,41,7.775,0,3,0,98
671,3,0,0,22.0,0,0,173,9.35,0,3,0,195
672,3,0,0,0.0,0,0,834,7.2292,0,1,0,0
673,3,0,0,20.0,0,0,563,4.0125,0,1,0,227
674,3,1,0,32.0,0,0,553,56.4958,0,3,7,143
675,3,0,0,21.0,0,0,52,7.775,0,3,0,171
676,3,0,0,18.0,0,0,133,7.75,0,3,0,105
677,3,0,0,26.0,0,0,310,7.8958,0,3,0,1
678,3,0,0,6.0,1,1,248,15.2458,0,1,0,66
679,3,0,1,9.0,1,1,248,15.2458,0,1,0,66
680,3,0,0,0.0,0,0,71,7.225,0,1,0,227
681,3,0,1,0.0,0,2,248,15.2458,0,1,0,66
682,3,0,1,0.0,0,2,17,7.75,0,2,0,110
683,3,0,0,40.0,1,1,62,15.5,0,2,0,110
684,3,0,1,32.0,1,1,62,15.5,0,2,0,110
685,3,0,0,21.0,0,0,181,16.1,0,3,0,136
686,3,1,1,22.0,0,0,592,7.725,0,2,11,52
687,3,0,1,20.0,0,0,699,7.8542,0,3,0,175
688,3,0,0,29.0,1,0,271,7.0458,0,3,0,358
689,3,0,0,22.0,1,0,358,7.25,0,3,0,358
690,3,0,0,22.0,0,0,653,7.7958,0,3,0,163
691,3,0,0,35.0,0,0,452,8.05,0,3,0,271
692,3,0,1,18.5,0,0,743,7.2833,0,2,0,365
693,3,1,0,21.0,0,0,466,7.8208,0,2,11,97
694,3,0,0,19.0,0,0,396,6.75,0,2,0,270
695,3,0,1,18.0,0,0,658,7.8792,0,2,0,198
696,3,0,1,21.0,0,0,287,8.6625,0,3,0,0
697,3,0,1,30.0,0,0,630,8.6625,0,3,0,0
698,3,0,0,18.0,0,0,745,8.6625,0,3,0,0
699,3,0,0,38.0,0,0,708,8.6625,0,3,0,169
700,3,0,0,17.0,0,0,785,8.6625,0,3,0,0
701,3,0,0,17.0,0,0,863,8.6625,0,3,0,0
702,3,0,1,21.0,0,0,640,7.75,0,2,0,0
703,3,0,0,21.0,0,0,215,7.75,0,2,0,233
704,3,0,0,21.0,0,0,756,8.05,0,3,0,0
705,3,0,0,0.0,1,0,285,14.4583,0,1,0,356
706,3,0,1,0.0,1,0,285,14.4583,0,1,0,356
707,3,0,0,28.0,0,0,327,7.7958,0,3,0,93
708,3,0,0,24.0,0,0,519,7.8542,0,3,0,212
709,3,1,1,16.0,0,0,75,7.75,0,2,1,326
710,3,0,1,37.0,0,0,93,7.75,0,2,0,96
711,3,0,0,28.0,0,0,585,7.25,0,3,0,29
712,3,0,0,24.0,0,0,388,8.05,0,3,0,237
713,3,0,0,21.0,0,0,288,7.7333,0,2,0,138
714,3,1,0,32.0,0,0,553,56.4958,0,3,7,143
715,3,0,0,29.0,0,0,289,8.05,0,3,0,0
716,3,0,0,26.0,1,0,520,14.4542,0,1,0,305
717,3,0,0,18.0,1,0,520,14.4542,0,1,0,305
718,3,0,0,20.0,0,0,786,7.05,0,3,0,45
719,3,1,0,18.0,0,0,252,8.05,0,3,24,310
720,3,0,0,24.0,0,0,0,7.25,0,2,0,153
721,3,0,0,36.0,0,0,202,7.4958,0,3,0,1
722,3,0,0,24.0,0,0,518,7.4958,0,3,0,0
723,3,0,0,31.0,0,0,918,7.7333,0,2,0,303
724,3,0,0,31.0,0,0,455,7.75,0,2,0,307
725,3,1,1,22.0,0,0,200,7.75,0,2,11,213
726,3,0,1,30.0,0,0,174,7.6292,0,2,0,213
727,3,0,0,70.5,0,0,727,7.75,0,2,0,0
728,3,0,0,43.0,0,0,391,8.05,0,3,0,0
729,3,0,0,35.0,0,0,817,7.8958,0,3,0,359
730,3,0,0,27.0,0,0,10,7.8958,0,3,0,359
731,3,0,0,19.0,0,0,350,7.8958,0,3,0,359
732,3,0,0,30.0,0,0,120,8.05,0,3,0,237
733,3,1,0,9.0,1,1,408,15.9,0,3,18,231
734,3,1,0,3.0,1,1,408,15.9,0,3,18,231
735,3,1,1,36.0,0,2,408,15.9,0,3,18,231
736,3,0,0,59.0,0,0,917,7.25,0,3,0,188
737,3,0,0,19.0,0,0,761,8.1583,0,3,0,352
738,3,1,1,17.0,0,1,470,16.1,0,3,24,353
739,3,0,0,44.0,0,1,470,16.1,0,3,0,353
740,3,0,0,17.0,0,0,590,8.6625,0,3,0,315
741,3,0,0,22.5,0,0,53,7.225,0,1,0,0
742,3,1,0,45.0,0,0,700,8.05,0,3,3,89
743,3,0,1,22.0,0,0,835,10.5167,0,3,0,276
744,3,0,0,19.0,0,0,871,10.1708,0,3,0,359
745,3,1,1,30.0,0,0,572,6.95,0,2,3,314
746,3,1,0,29.0,0,0,437,7.75,0,2,10,314
747,3,0,0,0.3333,0,2,723,14.4,0,3,0,99
748,3,0,0,34.0,1,1,723,14.4,0,3,0,99
749,3,0,1,28.0,1,1,723,14.4,0,3,0,99
750,3,0,0,27.0,0,0,815,7.8958,0,3,0,1
751,3,0,0,25.0,0,0,816,7.8958,0,3,0,1
752,3,0,0,24.0,2,0,890,24.15,0,3,0,272
753,3,0,0,22.0,0,0,479,8.05,0,3,0,0
754,3,0,0,21.0,2,0,890,24.15,0,3,0,272
755,3,0,0,17.0,2,0,111,8.05,0,3,0,272
756,3,0,0,0.0,1,0,235,16.1,0,3,0,331
757,3,1,1,0.0,1,0,235,16.1,0,3,1,331
758,3,1,0,36.5,1,0,227,17.4,0,3,3,345
759,3,1,1,36.0,1,0,227,17.4,0,3,11,345
760,3,1,0,30.0,0,0,482,9.5,0,3,21,6
761,3,0,0,16.0,0,0,368,9.5,0,3,0,0
762,3,1,0,1.0,1,2,477,20.575,0,3,17,2
763,3,1,1,0.1667,1,2,477,20.575,0,3,17,2
764,3,0,0,26.0,1,2,477,20.575,0,3,0,2
765,3,1,1,33.0,1,2,477,20.575,0,3,17,2
766,3,0,0,25.0,0,0,800,7.8958,0,3,0,0
767,3,0,0,0.0,0,0,751,7.8958,0,3,0,0
768,3,0,0,0.0,0,0,261,7.8958,0,3,0,291
769,3,0,0,22.0,0,0,309,7.25,0,3,0,0
770,3,0,0,36.0,0,0,50,7.25,0,3,0,0
771,3,1,1,19.0,0,0,241,7.8792,0,2,7,10
772,3,0,0,17.0,0,0,752,7.8958,0,3,0,0
773,3,0,0,42.0,0,0,351,8.6625,0,3,0,0
774,3,0,0,43.0,0,0,593,7.8958,0,3,0,0
775,3,0,0,0.0,0,0,741,7.2292,0,1,0,0
776,3,0,0,32.0,0,0,661,7.75,0,2,0,138
777,3,1,0,19.0,0,0,859,8.05,0,3,12,268
778,3,1,1,30.0,0,0,612,12.475,0,3,11,196
779,3,0,1,24.0,0,0,34,7.75,0,2,0,138
780,3,1,1,23.0,0,0,19,8.05,0,3,0,298
781,3,0,0,33.0,0,0,262,7.8958,0,1,0,228
782,3,0,0,65.0,0,0,195,7.75,0,2,0,0
783,3,1,0,24.0,0,0,88,7.55,0,3,6,177
784,3,0,0,23.0,1,0,842,13.9,0,3,0,121
785,3,1,1,22.0,1,0,842,13.9,0,3,1,121
786,3,0,0,18.0,0,0,189,7.775,0,3,0,61
787,3,0,0,16.0,0,0,636,7.775,0,3,0,117
788,3,0,0,45.0,0,0,920,6.975,0,3,0,118
789,3,0,0,0.0,0,0,413,7.225,0,1,0,0
790,3,0,0,39.0,0,2,720,7.2292,0,1,0,316
791,3,0,0,17.0,1,1,698,7.2292,0,1,0,0
792,3,0,0,15.0,1,1,836,7.2292,0,1,0,227
793,3,0,0,47.0,0,0,707,7.25,0,3,0,210
794,3,1,1,5.0,0,0,612,12.475,0,3,11,33
795,3,0,0,0.0,0,0,704,7.225,0,1,0,0
796,3,0,0,40.5,0,0,216,15.1,0,3,0,0
797,3,0,0,40.5,0,0,491,7.75,0,2,0,255
798,3,1,0,0.0,0,0,369,7.05,0,3,3,224
799,3,0,0,18.0,0,0,742,7.7958,0,3,0,0
800,3,0,1,0.0,0,0,613,7.75,0,2,0,0
801,3,0,0,0.0,0,0,632,7.75,0,2,0,0
802,3,0,0,0.0,0,0,748,6.95,0,2,0,0
803,3,0,0,26.0,0,0,239,7.8792,0,2,0,110
804,3,0,0,0.0,0,0,78,7.75,0,2,0,213
805,3,1,0,0.0,0,0,553,56.4958,0,3,11,143
806,3,0,1,21.0,2,2,382,34.375,0,3,0,290
807,3,0,1,9.0,2,2,382,34.375,0,3,0,290
808,3,0,0,0.0,0,0,401,8.05,0,3,0,287
809,3,0,0,18.0,2,2,382,34.375,0,3,0,290
810,3,0,0,16.0,1,3,382,34.375,0,3,0,290
811,3,0,1,48.0,1,3,382,34.375,0,3,0,290
812,3,0,0,0.0,0,0,841,7.75,0,2,0,138
813,3,0,0,0.0,0,0,587,7.25,0,3,0,0
814,3,0,0,25.0,0,0,617,7.7417,0,2,0,33
815,3,0,0,0.0,0,0,160,14.5,0,3,0,0
816,3,0,0,0.0,0,0,591,7.8958,0,1,0,0
817,3,0,0,22.0,0,0,923,8.05,0,3,0,0
818,3,1,1,16.0,0,0,885,7.7333,0,2,1,326
819,3,1,1,0.0,0,0,224,7.75,0,2,11,41
820,3,1,0,9.0,0,2,622,20.525,0,3,22,325
821,3,0,0,33.0,1,1,622,20.525,0,3,0,325
822,3,0,0,41.0,0,0,237,7.85,0,3,0,303
823,3,1,1,31.0,1,1,622,20.525,0,3,22,325
824,3,0,0,38.0,0,0,311,7.05,0,3,0,45
825,3,0,0,9.0,5,2,530,46.9,0,3,0,141
826,3,0,0,1.0,5,2,530,46.9,0,3,0,141
827,3,0,0,11.0,5,2,530,46.9,0,3,0,141
828,3,0,1,10.0,5,2,530,46.9,0,3,0,141
829,3,0,1,16.0,5,2,530,46.9,0,3,0,141
830,3,0,0,14.0,5,2,530,46.9,0,3,0,141
831,3,0,0,40.0,1,6,530,46.9,0,3,0,141
832,3,0,1,43.0,1,6,530,46.9,0,3,0,141
833,3,0,0,51.0,0,0,15,8.05,0,3,0,230
834,3,0,0,32.0,0,0,234,8.3625,0,3,0,218
835,3,0,0,0.0,0,0,763,8.05,0,3,0,0
836,3,0,0,20.0,0,0,212,9.8458,0,3,0,8
837,3,0,0,37.0,2,0,418,7.925,0,3,0,159
838,3,0,0,28.0,2,0,810,7.925,0,3,0,159
839,3,0,0,19.0,0,0,428,7.775,0,3,0,144
840,3,0,1,24.0,0,0,691,8.85,0,3,0,0
841,3,0,1,17.0,0,0,886,7.7333,0,2,0,0
842,3,0,0,0.0,1,0,525,19.9667,0,3,0,0
843,3,0,0,0.0,1,0,892,19.9667,0,3,0,0
844,3,0,0,28.0,1,0,845,15.85,0,3,0,0
845,3,1,1,24.0,1,0,845,15.85,0,3,3,0
846,3,0,0,20.0,0,0,256,9.5,0,3,0,0
847,3,0,0,23.5,0,0,464,7.2292,0,1,0,0
848,3,0,0,41.0,2,0,329,14.1083,0,3,0,0
849,3,0,0,26.0,1,0,746,7.8542,0,3,0,0
850,3,0,0,21.0,0,0,414,7.8542,0,3,0,0
851,3,1,1,45.0,1,0,329,14.1083,0,3,21,0
852,3,0,1,0.0,0,0,42,7.55,0,3,0,0
853,3,0,0,25.0,0,0,36,7.25,0,3,12,0
854,3,0,0,0.0,0,0,225,6.8583,0,2,0,0
855,3,0,0,11.0,0,0,825,18.7875,0,1,0,0
856,3,1,1,0.0,0,0,293,7.75,0,2,1,0
857,3,1,0,27.0,0,0,896,6.975,0,3,3,0
858,3,1,0,0.0,0,0,553,56.4958,0,3,7,0
859,3,0,1,18.0,0,0,795,6.75,0,2,0,0
860,3,1,1,26.0,0,0,259,7.925,0,3,0,0
861,3,0,1,23.0,0,0,646,7.925,0,3,0,0
862,3,1,1,22.0,0,0,667,8.9625,0,3,7,0
863,3,0,0,28.0,0,0,103,7.8958,0,3,0,0
864,3,0,1,28.0,0,0,403,7.775,0,3,0,0
865,3,0,1,0.0,0,0,706,7.75,0,2,0,0
866,3,1,1,2.0,0,1,188,12.2875,0,3,3,0
867,3,1,1,22.0,1,1,188,12.2875,0,3,3,0
868,3,0,0,43.0,0,0,5,6.45,0,3,0,0
869,3,0,0,28.0,0,0,433,22.525,0,3,0,0
870,3,1,1,27.0,0,0,614,7.925,0,3,0,0
871,3,0,0,0.0,0,0,624,7.75,0,2,0,0
872,3,1,1,0.0,0,0,115,8.05,0,3,7,0
873,3,0,0,42.0,0,0,422,7.65,20,3,0,0
874,3,1,0,0.0,0,0,60,7.8875,0,3,7,0
875,3,0,0,30.0,0,0,272,7.2292,0,1,0,0
876,3,0,0,0.0,0,0,134,7.8958,0,3,0,0
877,3,0,1,27.0,1,0,79,7.925,0,3,0,0
878,3,0,1,25.0,1,0,456,7.925,0,3,0,0
879,3,0,0,0.0,0,0,339,7.8958,0,3,0,0
880,3,1,0,29.0,0,0,820,7.8958,0,1,3,0
881,3,1,0,21.0,0,0,58,7.7958,0,3,25,0
882,3,0,0,0.0,0,0,357,7.05,0,3,0,0
883,3,0,0,20.0,0,0,726,7.8542,0,3,0,0
884,3,0,0,48.0,0,0,64,7.8542,0,3,0,0
885,3,0,0,17.0,1,0,679,7.0542,0,3,0,0
886,3,1,1,0.0,0,0,54,7.75,0,2,6,0
887,3,1,0,0.0,0,0,531,8.1125,0,3,11,0
888,3,0,0,34.0,0,0,178,6.4958,0,3,0,0
889,3,1,0,26.0,0,0,649,7.775,0,3,3,0
890,3,0,0,22.0,0,0,83,7.7958,0,3,0,0
891,3,0,0,33.0,0,0,340,8.6542,0,3,0,0
892,3,0,0,31.0,0,0,562,7.775,0,3,0,0
893,3,0,0,29.0,0,0,715,7.8542,0,3,0,0
894,3,1,0,4.0,1,1,155,11.1333,0,3,3,0
895,3,1,1,1.0,1,1,155,11.1333,0,3,3,0
896,3,0,0,49.0,0,0,532,0.0,0,3,0,0
897,3,0,0,33.0,0,0,642,7.775,0,3,0,0
898,3,0,0,19.0,0,0,532,0.0,0,3,0,0
899,3,1,1,27.0,0,2,155,11.1333,0,3,3,0
900,3,0,0,0.0,1,2,180,23.45,0,3,0,0
901,3,0,1,0.0,1,2,180,23.45,0,3,0,0
902,3,0,0,0.0,1,2,180,23.45,0,3,0,0
903,3,0,1,0.0,1,2,180,23.45,0,3,0,0
904,3,0,0,23.0,0,0,598,7.8958,0,3,0,0
905,3,1,0,32.0,0,0,652,7.8542,0,3,3,0
906,3,0,0,27.0,0,0,141,7.8542,0,3,0,0
907,3,0,1,20.0,1,0,651,9.825,0,3,0,0
908,3,0,1,21.0,1,0,73,9.825,0,3,0,0
909,3,1,0,32.0,0,0,789,7.925,0,3,3,0
910,3,0,0,17.0,0,0,281,7.125,0,3,0,0
911,3,0,0,21.0,0,0,245,8.4333,0,3,0,0
912,3,0,0,30.0,0,0,204,7.8958,0,3,0,0
913,3,1,0,21.0,0,0,737,7.7958,0,3,11,0
914,3,0,0,33.0,0,0,805,7.8542,0,3,0,0
915,3,0,0,22.0,0,0,127,7.5208,0,3,0,0
916,3,1,1,4.0,0,1,334,13.4167,0,1,3,0
917,3,1,0,39.0,0,1,334,13.4167,0,1,3,0
918,3,0,0,0.0,0,0,736,7.2292,0,1,0,0
919,3,0,0,18.5,0,0,417,7.2292,0,1,0,0
920,3,0,0,0.0,0,0,384,7.75,0,2,0,0
921,3,0,0,0.0,0,0,677,7.25,0,3,25,0
922,3,1,1,0.0,0,0,426,7.75,0,2,1,0
923,3,1,1,0.0,0,0,409,7.75,0,2,6,0
924,3,0,0,34.5,0,0,377,7.8292,0,2,0,0
925,3,0,0,44.0,0,0,904,8.05,0,3,0,0
926,3,1,0,0.0,0,0,779,7.75,0,2,0,0
927,3,0,0,0.0,1,0,380,14.4542,0,1,0,0
928,3,0,1,0.0,1,0,380,14.4542,0,1,0,0
929,3,0,0,0.0,1,0,796,7.75,0,2,0,0
930,3,0,0,0.0,1,0,294,7.75,0,2,0,0
931,3,0,0,0.0,0,0,277,7.7375,0,2,0,0
932,3,0,1,22.0,2,0,609,8.6625,0,3,0,0
933,3,0,0,26.0,2,0,438,8.6625,0,3,0,0
934,3,1,1,4.0,0,2,584,22.025,0,3,18,0
935,3,1,0,29.0,3,1,584,22.025,0,3,18,0
936,3,1,1,26.0,1,1,584,22.025,0,3,18,0
937,3,0,1,1.0,1,1,2,12.1833,0,3,0,0
938,3,0,0,18.0,1,1,733,7.8542,0,3,0,0
939,3,0,1,36.0,0,2,2,12.1833,0,3,0,0
940,3,0,0,0.0,0,0,318,7.8958,0,1,0,0
941,3,1,0,25.0,0,0,505,7.2292,77,1,17,0
942,3,0,0,0.0,0,0,793,7.225,0,1,0,0
943,3,0,1,37.0,0,0,322,9.5875,0,3,0,0
944,3,0,0,0.0,0,0,116,7.8958,0,3,0,0
945,3,1,0,0.0,0,0,553,56.4958,0,3,7,0
946,3,0,0,0.0,0,0,553,56.4958,0,3,0,0
947,3,1,1,22.0,0,0,791,7.25,0,3,11,0
948,3,0,0,0.0,0,0,244,7.75,0,2,0,0
949,3,1,0,26.0,0,0,553,56.4958,0,3,2,0
950,3,0,0,29.0,0,0,337,9.4833,0,3,0,0
951,3,0,0,29.0,0,0,402,7.775,0,3,0,0
952,3,0,0,22.0,0,0,718,7.775,0,3,0,0
953,3,1,0,22.0,0,0,341,7.225,0,1,19,0
954,3,0,0,0.0,3,1,63,25.4667,0,3,0,0
955,3,0,1,0.0,3,1,63,25.4667,0,3,0,0
956,3,0,1,0.0,3,1,63,25.4667,0,3,0,0
957,3,0,1,0.0,3,1,63,25.4667,0,3,0,0
958,3,0,1,0.0,0,4,63,25.4667,0,3,0,0
959,3,0,0,32.0,0,0,776,7.925,0,3,0,0
960,3,0,0,34.5,0,0,363,6.4375,0,1,0,0
961,3,0,1,0.0,1,0,330,15.5,0,2,0,0
962,3,0,0,0.0,1,0,330,15.5,0,2,0,0
963,3,0,0,36.0,0,0,532,0.0,0,3,0,0
964,3,0,0,39.0,0,0,890,24.15,0,3,0,0
965,3,0,0,24.0,0,0,905,9.5,0,3,0,0
966,3,0,1,25.0,0,0,142,7.775,0,3,0,0
967,3,0,1,45.0,0,0,548,7.75,0,3,0,0
968,3,0,0,36.0,1,0,190,15.55,0,3,25,0
969,3,0,1,30.0,1,0,190,15.55,0,3,25,0
970,3,1,0,20.0,1,0,37,7.925,0,3,3,0
971,3,0,0,0.0,0,0,121,7.8792,0,2,0,0
972,3,0,0,28.0,0,0,553,56.4958,0,3,0,0
973,3,0,0,0.0,0,0,710,7.55,0,3,0,0
974,3,0,0,30.0,1,0,138,16.1,0,3,0,0
975,3,0,1,26.0,1,0,138,16.1,0,3,0,0
976,3,0,0,0.0,0,0,729,7.8792,0,3,0,0
977,3,0,0,20.5,0,0,666,7.25,0,3,0,0
978,3,1,0,27.0,0,0,492,8.6625,0,3,3,0
979,3,0,0,51.0,0,0,486,7.0542,0,3,0,0
980,3,1,1,23.0,0,0,499,7.8542,0,3,17,0
981,3,1,0,32.0,0,0,152,7.5792,0,3,3,0
982,3,0,0,0.0,0,0,233,7.8958,0,3,0,0
983,3,0,0,0.0,0,0,671,7.55,0,3,0,0
984,3,1,1,0.0,0,0,619,7.75,0,2,3,0
985,3,1,0,24.0,0,0,373,7.1417,0,3,11,0
986,3,0,0,22.0,0,0,267,7.125,0,3,0,0
987,3,0,1,0.0,0,0,342,7.8792,0,2,0,0
988,3,0,0,0.0,0,0,145,7.75,0,2,0,0
989,3,0,0,0.0,0,0,909,8.05,0,3,0,0
990,3,0,0,29.0,0,0,424,7.925,0,3,0,0
991,3,1,0,0.0,0,0,286,7.2292,0,1,3,0
992,3,0,1,30.5,0,0,370,7.75,0,2,0,0
993,3,1,1,0.0,0,0,425,7.7375,0,2,1,0
994,3,0,0,0.0,0,0,702,7.2292,68,1,0,0
995,3,0,0,35.0,0,0,672,7.8958,0,1,0,0
996,3,0,0,33.0,0,0,221,7.8958,0,3,0,0
997,3,1,1,0.0,0,0,208,7.225,0,1,7,0
998,3,0,0,0.0,0,0,496,7.8958,0,1,0,0
999,3,1,1,0.0,0,0,255,7.75,0,2,26,0
1000,3,1,0,0.0,0,0,586,7.75,0,2,0,0
1001,3,1,1,0.0,2,0,302,23.25,0,2,1,0
1002,3,1,1,0.0,2,0,302,23.25,0,2,1,0
1003,3,1,0,0.0,2,0,302,23.25,0,2,1,0
1004,3,1,1,0.0,0,0,147,7.7875,0,2,11,0
1005,3,0,0,0.0,0,0,787,15.5,0,2,0,0
1006,3,1,1,0.0,0,0,524,7.8792,0,2,11,0
1007,3,1,1,15.0,0,0,569,8.0292,0,2,0,0
1008,3,0,1,35.0,0,0,735,7.75,0,2,0,0
1009,3,0,0,0.0,0,0,209,7.75,0,2,0,0
1010,3,0,0,24.0,1,0,343,16.1,0,3,0,0
1011,3,0,1,19.0,1,0,343,16.1,0,3,0,0
1012,3,0,1,0.0,0,0,354,7.75,0,2,0,0
1013,3,0,1,0.0,0,0,856,8.05,0,3,0,0
1014,3,0,1,0.0,0,0,812,8.05,0,3,0,0
1015,3,0,0,55.5,0,0,163,8.05,0,3,0,0
1016,3,0,0,0.0,0,0,276,7.75,0,2,0,0
1017,3,1,0,21.0,0,0,703,7.775,0,3,3,0
1018,3,0,0,0.0,0,0,398,8.05,0,3,0,0
1019,3,0,0,24.0,0,0,924,7.8958,0,3,0,0
1020,3,0,0,21.0,0,0,38,7.8958,0,3,0,0
1021,3,0,0,28.0,0,0,119,7.8958,0,3,0,0
1022,3,0,0,0.0,0,0,148,7.8958,0,3,0,0
1023,3,1,1,0.0,0,0,875,7.8792,0,2,1,0
1024,3,0,0,25.0,0,0,16,7.65,185,3,0,0
1025,3,1,0,6.0,0,1,772,12.475,48,3,2,0
1026,3,1,1,27.0,0,1,772,12.475,48,3,2,0
1027,3,0,0,0.0,0,0,599,8.05,0,3,0,0
1028,3,1,1,0.0,1,0,117,24.15,0,2,1,0
1029,3,0,0,0.0,1,0,117,24.15,0,2,0,0
1030,3,0,0,0.0,0,0,881,8.4583,0,2,0,0
1031,3,0,0,34.0,0,0,488,8.05,0,3,0,0
1032,3,0,0,0.0,0,0,681,7.75,0,2,0,0
1033,3,1,0,0.0,0,0,404,7.775,0,3,12,0
1034,3,1,0,0.0,1,1,629,15.2458,0,1,7,0
1035,3,1,0,0.0,1,1,629,15.2458,0,1,7,0
1036,3,1,1,0.0,0,2,629,15.2458,0,1,7,0
1037,3,1,1,0.0,0,0,688,7.2292,0,1,0,0
1038,3,0,0,0.0,0,0,331,8.05,0,3,0,0
1039,3,1,1,0.0,0,0,319,7.7333,0,2,1,0
1040,3,1,1,24.0,0,0,801,7.75,0,2,3,0
1041,3,0,0,0.0,0,0,915,8.05,0,3,0,0
1042,3,1,1,0.0,1,0,47,15.5,0,2,1,0
1043,3,1,1,0.0,1,0,47,15.5,0,2,1,0
1044,3,1,1,0.0,0,0,787,15.5,0,2,1,0
1045,3,0,0,18.0,0,0,177,7.75,0,3,0,0
1046,3,0,0,22.0,0,0,814,7.8958,0,3,0,0
1047,3,1,1,15.0,0,0,399,7.225,0,1,7,0
1048,3,1,1,1.0,0,2,427,15.7417,0,1,7,0
1049,3,1,0,20.0,1,1,427,15.7417,0,1,7,0
1050,3,1,1,19.0,1,1,427,15.7417,0,1,7,0
1051,3,0,0,33.0,0,0,494,8.05,0,3,0,0
1052,3,0,0,0.0,0,0,462,7.8958,0,3,0,0
1053,3,0,0,0.0,0,0,229,7.2292,0,1,0,0
1054,3,0,1,0.0,0,0,344,7.75,0,2,0,0
1055,3,0,0,0.0,0,0,55,7.8958,0,3,0,0
1056,3,1,0,12.0,1,0,444,11.2417,0,1,7,0
1057,3,1,1,14.0,1,0,444,11.2417,0,1,7,0
1058,3,0,1,29.0,0,0,766,7.925,0,3,0,0
1059,3,0,0,28.0,0,0,607,8.05,0,3,0,0
1060,3,1,1,18.0,0,0,440,7.775,0,3,6,0
1061,3,1,1,26.0,0,0,265,7.8542,0,3,11,0
1062,3,0,0,21.0,0,0,559,7.8542,0,3,0,0
1063,3,0,0,41.0,0,0,80,7.125,0,3,0,275
1064,3,1,0,39.0,0,0,184,7.925,0,3,8,0
1065,3,0,0,21.0,0,0,497,7.8,0,3,0,0
1066,3,0,0,28.5,0,0,166,7.2292,0,1,0,0
1067,3,1,1,22.0,0,0,899,7.75,0,3,11,0
1068,3,0,0,61.0,0,0,574,6.2375,0,3,0,0
1069,3,0,0,0.0,1,0,564,15.5,0,2,0,0
1070,3,0,0,0.0,0,0,711,7.8292,0,2,0,0
1071,3,1,1,0.0,1,0,564,15.5,0,2,0,0
1072,3,0,0,0.0,0,0,66,7.7333,0,2,0,0
1073,3,0,0,0.0,0,0,510,7.75,0,2,0,0
1074,3,0,0,0.0,0,0,12,7.75,0,2,0,0
1075,3,0,0,23.0,0,0,352,9.225,0,3,0,0
1076,3,0,1,0.0,0,0,637,7.75,0,2,0,0
1077,3,1,1,0.0,0,0,595,7.75,0,2,6,0
1078,3,1,1,0.0,0,0,458,7.8792,0,2,0,0
1079,3,1,1,22.0,0,0,6,7.775,0,3,7,0
1080,3,1,0,0.0,0,0,362,7.75,0,2,12,0
1081,3,1,1,0.0,0,0,143,7.8292,0,2,11,0
1082,3,1,0,9.0,0,1,150,3.1708,0,3,11,0
1083,3,0,0,28.0,0,0,433,22.525,0,3,0,0
1084,3,0,0,42.0,0,1,172,8.4042,0,3,0,0
1085,3,0,0,0.0,0,0,897,7.3125,0,3,0,0
1086,3,0,1,31.0,0,0,441,7.8542,0,3,0,0
1087,3,0,0,28.0,0,0,305,7.8542,0,3,0,0
1088,3,1,0,32.0,0,0,755,7.775,0,3,25,0
1089,3,0,0,20.0,0,0,714,9.225,0,3,0,37
1090,3,0,1,23.0,0,0,91,8.6625,0,3,0,0
1091,3,0,1,20.0,0,0,130,8.6625,0,3,0,0
1092,3,0,0,20.0,0,0,731,8.6625,0,3,0,0
1093,3,0,0,16.0,0,0,212,9.2167,0,3,0,0
1094,3,1,1,31.0,0,0,876,8.6833,0,3,0,0
1095,3,0,1,0.0,0,0,596,7.6292,0,2,0,0
1096,3,0,0,2.0,3,1,476,21.075,0,3,0,0
1097,3,0,0,6.0,3,1,476,21.075,0,3,0,0
1098,3,0,1,3.0,3,1,476,21.075,0,3,0,0
1099,3,0,1,8.0,3,1,476,21.075,0,3,0,0
1100,3,0,1,29.0,0,4,476,21.075,0,3,0,0
1101,3,0,0,1.0,4,1,429,39.6875,0,3,0,0
1102,3,0,0,7.0,4,1,429,39.6875,0,3,0,0
1103,3,0,0,2.0,4,1,429,39.6875,0,3,0,0
1104,3,0,0,16.0,4,1,429,39.6875,0,3,0,0
1105,3,0,0,14.0,4,1,429,39.6875,0,3,0,0
1106,3,0,1,41.0,0,5,429,39.6875,0,3,0,0
1107,3,0,0,21.0,0,0,282,8.6625,0,3,0,0
1108,3,0,0,19.0,0,0,160,14.5,0,3,0,0
1109,3,0,0,0.0,0,0,170,8.7125,0,1,0,0
1110,3,0,0,32.0,0,0,822,7.8958,0,3,0,0
1111,3,0,0,0.75,1,1,680,13.775,0,3,0,0
1112,3,0,1,3.0,1,1,680,13.775,0,3,0,0
1113,3,0,1,26.0,0,2,680,13.775,0,3,0,0
1114,3,0,0,0.0,0,0,901,7.0,0,3,0,0
1115,3,0,0,0.0,0,0,853,7.775,0,3,0,0
1116,3,0,0,0.0,0,0,222,8.05,0,3,0,0
1117,3,0,0,21.0,0,0,231,7.925,0,3,0,0
1118,3,0,0,25.0,0,0,353,7.925,0,3,0,0
1119,3,0,0,22.0,0,0,798,7.25,0,3,0,0
1120,3,1,0,25.0,1,0,537,7.775,0,3,3,0
1121,3,1,0,0.0,1,1,878,22.3583,0,1,7,0
1122,3,1,1,0.0,1,1,878,22.3583,36,1,6,0
1123,3,1,1,0.0,0,2,878,22.3583,0,1,6,0
1124,3,0,1,0.0,0,0,123,8.1375,0,2,0,0
1125,3,0,0,24.0,0,0,474,8.05,0,3,0,0
1126,3,0,1,28.0,0,0,521,7.8958,0,3,0,0
1127,3,0,0,19.0,0,0,321,7.8958,0,3,0,0
1128,3,0,0,0.0,0,0,97,7.8958,0,3,0,0
1129,3,0,0,25.0,1,0,926,7.775,0,3,0,0
1130,3,0,1,18.0,0,0,326,7.775,0,3,0,0
1131,3,1,0,32.0,0,0,716,8.05,153,3,8,0
1132,3,0,0,0.0,0,0,98,7.8958,0,3,0,0
1133,3,0,0,17.0,0,0,538,8.6625,0,3,0,0
1134,3,0,0,24.0,0,0,207,8.6625,0,3,0,0
1135,3,0,0,0.0,0,0,900,7.8958,0,3,0,0
1136,3,0,1,0.0,0,0,81,8.1125,0,3,0,0
1137,3,0,0,0.0,0,0,502,7.2292,0,1,0,0
1138,3,0,0,0.0,0,0,485,7.25,0,3,0,0
1139,3,0,0,38.0,0,0,869,7.8958,0,3,0,0
1140,3,0,0,21.0,0,0,253,8.05,0,3,0,0
1141,3,0,0,10.0,4,1,682,29.125,0,2,0,0
1142,3,0,0,4.0,4,1,682,29.125,0,2,0,0
1143,3,0,0,7.0,4,1,682,29.125,0,2,0,0
1144,3,0,0,2.0,4,1,682,29.125,0,2,0,0
1145,3,0,0,8.0,4,1,682,29.125,0,2,0,0
1146,3,0,1,39.0,0,5,682,29.125,0,2,0,0
1147,3,0,1,22.0,0,0,429,39.6875,0,3,0,0
1148,3,0,0,35.0,0,0,807,7.125,0,3,0,0
1149,3,1,1,0.0,0,0,30,7.7208,0,2,11,0
1150,3,0,0,0.0,0,0,213,14.5,0,3,0,0
1151,3,0,1,0.0,0,0,213,14.5,0,3,0,0
1152,3,0,0,50.0,1,0,536,14.5,0,3,0,0
1153,3,0,1,47.0,1,0,536,14.5,0,3,0,0
1154,3,0,0,0.0,0,0,393,8.05,0,3,0,0
1155,3,0,0,0.0,0,0,578,7.775,0,3,0,0
1156,3,0,1,2.0,1,1,780,20.2125,0,3,0,0
1157,3,0,0,18.0,1,1,780,20.2125,0,3,0,0
1158,3,0,1,41.0,0,2,780,20.2125,0,3,0,0
1159,3,1,1,0.0,0,0,571,8.05,0,3,7,0
1160,3,0,0,50.0,0,0,156,8.05,0,3,0,0
1161,3,0,0,16.0,0,0,23,8.05,0,3,0,0
1162,3,1,0,0.0,0,0,852,7.75,0,2,2,0
1163,3,0,0,0.0,0,0,117,24.15,0,2,0,0
1164,3,0,0,0.0,0,0,371,7.2292,0,1,0,0
1165,3,0,0,25.0,0,0,48,7.225,0,1,0,0
1166,3,0,0,0.0,0,0,685,7.225,0,1,0,0
1167,3,0,0,0.0,0,0,33,7.7292,0,2,0,0
1168,3,0,0,0.0,0,0,196,7.575,0,3,0,0
1169,3,0,0,38.5,0,0,292,7.25,0,3,0,0
1170,3,0,0,0.0,8,2,554,69.55,0,3,0,0
1171,3,0,0,14.5,8,2,554,69.55,0,3,0,0
1172,3,0,1,0.0,8,2,554,69.55,0,3,0,0
1173,3,0,1,0.0,8,2,554,69.55,0,3,0,0
1174,3,0,1,0.0,8,2,554,69.55,0,3,0,0
1175,3,0,1,0.0,8,2,554,69.55,0,3,0,0
1176,3,0,0,0.0,8,2,554,69.55,0,3,0,0
1177,3,0,0,0.0,8,2,554,69.55,0,3,0,0
1178,3,0,0,0.0,8,2,554,69.55,0,3,0,0
1179,3,0,0,0.0,1,9,554,69.55,0,3,0,0
1180,3,0,1,0.0,1,9,554,69.55,0,3,0,0
1181,3,0,0,24.0,0,0,683,9.325,0,3,0,0
1182,3,1,1,21.0,0,0,821,7.65,0,3,7,0
1183,3,0,0,39.0,0,0,416,7.925,0,3,0,0
1184,3,0,0,0.0,2,0,638,21.6792,0,1,0,0
1185,3,0,0,0.0,2,0,638,21.6792,0,1,0,0
1186,3,0,0,0.0,2,0,638,21.6792,0,1,0,0
1187,3,1,1,1.0,1,1,228,16.7,152,3,11,0
1188,3,1,1,24.0,0,2,228,16.7,152,3,11,0
1189,3,1,1,4.0,1,1,228,16.7,152,3,11,0
1190,3,1,0,25.0,0,0,171,9.5,0,3,21,0
1191,3,0,0,20.0,0,0,159,8.05,0,3,0,0
1192,3,0,0,24.5,0,0,848,8.05,0,3,0,0
1193,3,0,0,0.0,0,0,230,7.725,0,2,0,0
1194,3,0,0,0.0,0,0,436,7.8958,0,3,0,0
1195,3,0,0,0.0,0,0,782,7.75,0,2,0,0
1196,3,1,0,29.0,0,0,828,9.5,0,3,21,0
1197,3,0,0,0.0,0,0,216,15.1,0,3,0,0
1198,3,1,1,0.0,0,0,643,7.7792,0,2,0,0
1199,3,0,0,0.0,0,0,908,8.05,0,3,0,0
1200,3,0,0,0.0,0,0,872,8.05,0,3,0,0
1201,3,0,0,22.0,0,0,557,7.2292,0,1,0,0
1202,3,0,0,0.0,0,0,621,8.05,0,3,0,0
1203,3,0,0,40.0,0,0,777,7.8958,0,3,0,0
1204,3,0,0,21.0,0,0,306,7.925,0,3,0,0
1205,3,1,1,18.0,0,0,665,7.4958,0,3,1,0
1206,3,0,0,4.0,3,2,870,27.9,0,3,0,0
1207,3,0,0,10.0,3,2,870,27.9,0,3,0,0
1208,3,0,1,9.0,3,2,870,27.9,0,3,0,0
1209,3,0,1,2.0,3,2,870,27.9,0,3,0,0
1210,3,0,0,40.0,1,4,870,27.9,0,3,0,0
1211,3,0,1,45.0,1,4,870,27.9,0,3,0,0
1212,3,0,0,0.0,0,0,223,7.8958,0,3,0,0
1213,3,0,0,0.0,0,0,182,8.05,0,3,0,0
1214,3,0,0,0.0,0,0,577,8.6625,0,3,0,0
1215,3,0,0,0.0,0,0,324,7.75,0,2,0,0
1216,3,1,1,0.0,0,0,390,7.7333,0,2,11,0
1217,3,0,0,19.0,0,0,149,7.65,185,3,0,0
1218,3,0,0,30.0,0,0,7,8.05,0,3,0,0
1219,3,0,0,0.0,0,0,446,8.05,0,3,0,0
1220,3,0,0,32.0,0,0,654,8.05,0,3,0,0
1221,3,0,0,0.0,0,0,317,7.8958,0,3,0,0
1222,3,0,0,33.0,0,0,906,8.6625,0,1,0,0
1223,3,1,1,23.0,0,0,579,7.55,0,3,7,0
1224,3,0,0,21.0,0,0,135,8.05,0,3,0,0
1225,3,0,0,60.5,0,0,514,0.0,0,3,0,0
1226,3,0,0,19.0,0,0,430,7.8958,0,3,0,0
1227,3,0,1,22.0,0,0,151,9.8375,0,3,0,0
1228,3,1,0,31.0,0,0,201,7.925,0,3,8,0
1229,3,0,0,27.0,0,0,547,8.6625,0,3,0,0
1230,3,0,1,2.0,0,1,378,10.4625,152,3,0,0
1231,3,0,1,29.0,1,1,378,10.4625,152,3,0,0
1232,3,1,0,16.0,0,0,469,8.05,0,3,12,0
1233,3,1,0,44.0,0,0,77,7.925,0,3,3,0
1234,3,0,0,25.0,0,0,450,7.05,0,3,0,0
1235,3,0,0,74.0,0,0,503,7.775,0,3,0,0
1236,3,1,0,14.0,0,0,697,9.225,0,3,11,0
1237,3,0,0,24.0,0,0,493,7.7958,0,3,0,0
1238,3,1,0,25.0,0,0,740,7.7958,0,3,9,0
1239,3,0,0,34.0,0,0,68,8.05,0,3,0,0
1240,3,1,0,0.4167,0,1,799,8.5167,0,1,1,0
1241,3,0,0,0.0,1,0,136,6.4375,0,1,0,0
1242,3,0,0,0.0,0,0,523,6.4375,0,1,0,0
1243,3,0,0,0.0,0,0,39,7.225,0,1,0,0
1244,3,1,1,16.0,1,1,799,8.5167,0,1,2,0
1245,3,0,0,0.0,0,0,101,8.05,0,3,0,0
1246,3,0,0,0.0,1,0,858,16.1,0,3,0,0
1247,3,1,1,0.0,1,0,858,16.1,0,3,17,0
1248,3,0,0,32.0,0,0,268,7.925,0,3,0,0
1249,3,0,0,0.0,0,0,722,7.75,186,2,0,0
1250,3,0,0,0.0,0,0,167,7.8958,0,3,0,0
1251,3,0,0,30.5,0,0,838,8.05,0,3,0,0
1252,3,0,0,44.0,0,0,275,8.05,0,3,0,0
1253,3,0,0,0.0,0,0,270,7.2292,0,1,0,0
1254,3,1,0,25.0,0,0,532,0.0,0,3,3,0
1255,3,0,0,0.0,0,0,687,7.2292,0,1,0,0
1256,3,1,0,7.0,1,1,879,15.2458,0,1,7,0
1257,3,1,1,9.0,1,1,879,15.2458,0,1,7,0
1258,3,1,1,29.0,0,2,879,15.2458,0,1,7,0
1259,3,0,0,36.0,0,0,205,7.8958,0,3,0,0
1260,3,1,1,18.0,0,0,203,9.8417,0,3,3,0
1261,3,1,1,63.0,0,0,839,9.5875,0,3,3,0
1262,3,0,0,0.0,1,1,694,14.5,0,3,0,0
1263,3,0,0,11.5,1,1,694,14.5,0,3,0,0
1264,3,0,0,40.5,0,2,694,14.5,0,3,0,0
1265,3,0,1,10.0,0,2,728,24.15,0,3,0,0
1266,3,0,0,36.0,1,1,728,24.15,0,3,0,0
1267,3,0,1,30.0,1,1,728,24.15,0,3,0,0
1268,3,0,0,0.0,0,0,690,9.5,0,3,0,0
1269,3,0,0,33.0,0,0,674,9.5,0,3,0,0
1270,3,0,0,28.0,0,0,764,9.5,0,3,0,0
1271,3,0,0,28.0,0,0,110,9.5,0,3,0,0
1272,3,0,0,47.0,0,0,431,9.0,0,3,0,0
1273,3,0,1,18.0,2,0,206,18.0,0,3,0,0
1274,3,0,0,31.0,3,0,308,18.0,0,3,0,0
1275,3,0,0,16.0,2,0,206,18.0,0,3,0,0
1276,3,0,1,31.0,1,0,308,18.0,0,3,0,0
1277,3,1,0,22.0,0,0,650,7.225,0,1,9,0
1278,3,0,0,20.0,0,0,568,7.8542,0,3,0,0
1279,3,0,1,14.0,0,0,608,7.8542,0,3,0,0
1280,3,0,0,22.0,0,0,315,7.8958,0,3,0,0
1281,3,0,0,22.0,0,0,325,9.0,0,3,0,269
1282,3,0,0,0.0,0,0,82,8.05,0,3,0,0
1283,3,0,0,0.0,0,0,849,7.55,0,3,0,0
1284,3,0,0,0.0,0,0,891,8.05,0,3,0,0
1285,3,0,0,32.5,0,0,550,9.5,0,3,0,0
1286,3,1,1,38.0,0,0,257,7.2292,0,1,7,0
1287,3,0,0,51.0,0,0,407,7.75,0,3,0,0
1288,3,0,0,18.0,1,0,709,6.4958,0,3,0,0
1289,3,0,0,21.0,1,0,921,6.4958,0,3,0,0
1290,3,1,1,47.0,1,0,176,7.0,0,3,0,0
1291,3,0,0,0.0,0,0,383,8.7125,0,3,0,0
1292,3,0,0,0.0,0,0,158,7.55,0,3,0,0
1293,3,0,0,0.0,0,0,526,8.05,0,3,0,0
1294,3,0,0,28.5,0,0,181,16.1,0,3,0,0
1295,3,0,0,21.0,0,0,765,7.25,0,3,0,0
1296,3,0,0,27.0,0,0,345,8.6625,0,3,0,0
1297,3,0,0,0.0,0,0,74,7.25,0,3,0,0
1298,3,0,0,36.0,0,0,332,9.5,0,3,0,0
1299,3,0,0,27.0,1,0,290,14.4542,0,1,7,0
1300,3,1,1,15.0,1,0,290,14.4542,0,1,0,0
1301,3,0,0,45.5,0,0,829,7.225,0,1,0,0
1302,3,0,0,0.0,0,0,610,7.225,0,1,0,0
1303,3,0,0,0.0,0,0,432,14.4583,0,1,0,0
1304,3,0,1,14.5,1,0,500,14.4542,0,1,0,0
1305,3,0,1,0.0,1,0,500,14.4542,0,1,0,0
1306,3,0,0,26.5,0,0,346,7.225,0,1,0,0
1307,3,0,0,27.0,0,0,539,7.225,0,1,0,0
1308,3,0,0,29.0,0,0,843,7.875,0,3,0,0
